image_name,question,answer
3d5bb1977c773835f433b6795db70be4.png,Что изображено на левой части изображения?,На левой части изображена блок-схема с действиями бота kbtest123bot.
3d5bb1977c773835f433b6795db70be4.png,Какие действия предлагает бот в меню выбора?,"Бот предлагает выбрать: Запрос номера телефона, Запрос координат, Загрузка файла, Пицца, Кнопка 7."
3d5bb1977c773835f433b6795db70be4.png,Что происходит после нажатия кнопки 7?,"После нажатия кнопки 7 бот сообщает, что кнопка ничего не делает, и предлагает ввести текст."
3d5bb1977c773835f433b6795db70be4.png,Какие варианты выбора пиццы показаны в чате?,Показан вариант пиццы 'Пепперони'.
3d5bb1977c773835f433b6795db70be4.png,Какие кнопки видны в меню выбора пиццы?,В меню выбора пиццы видна кнопка 'Отмена'.
timeline-infographic.jpg,В каком году был запущен LinkedIn и какова его основная направленность?,"LinkedIn был запущен в 2002 году и ориентирован на бизнес и трудоустройство, работает через веб-сайты и мобильные приложения."
timeline-infographic.jpg,Где базируется Facebook и когда он был создан?,"Facebook был создан в 2004 году и базируется в Менло-Парке, Калифорния."
timeline-infographic.jpg,Что особенного в YouTube и когда он появился?,"YouTube появился в 2005 году и является первым крупномасштабным сайтом для обмена видео, который облегчает просмотр видео онлайн."
timeline-infographic.jpg,Какова основная функция Twitter и когда он был запущен?,"Twitter был запущен в 2006 году и служит для общения друзей, семьи и коллег через быстрый обмен сообщениями."
timeline-infographic.jpg,Какие возможности предоставляет Tumblr и в каком году он появился?,"Tumblr появился в 2007 году и позволяет легко делиться текстом, фотографиями, цитатами, ссылками, музыкой и видео с различных устройств."
ganntcharttemplate.@x1.png,Какой первый этап в процессе покупки холодильника?,Формирование технического задания.
ganntcharttemplate.@x1.png,Когда начинается этап анализа рынка?,Этап анализа рынка начинается 3 июля.
ganntcharttemplate.@x1.png,Сколько дней длится этап доставки?,"Этап доставки длится с 9 июля по 14 июля, то есть 6 дней."
ganntcharttemplate.@x1.png,Какой цвет обозначает этап установки?,Этап установки обозначен оранжевым цветом.
ganntcharttemplate.@x1.png,В какой период происходит покупка холодильника?,Покупка холодильника происходит с 6 июля по 8 июля.
------------1.png,Какое мероприятие планируется согласно изображению?,Планируется конференция.
------------1.png,Когда запланировано составить программу конференции?,Составить программу запланировано на 09.12.2022 в 11:00.
------------1.png,Какие задачи связаны с поиском и оформлением помещения?,"Задачи: найти и оформить помещение, а также придумать дополнительные мероприятия."
------------1.png,Какой процент выполнения задачи 'Найти и оформить помещение'?,Выполнение задачи составляет 50%.
------------1.png,Когда запланирован кофе-брейк?,Кофе-брейк запланирован до 16.01.2023 15:00.
avtomatizacia-biznes-processov-1024x494.jpg,Какова основная цель стратегии и глобальных целей компании?,Основная цель - внутренние проекты развития и достижение стратегических целей.
avtomatizacia-biznes-processov-1024x494.jpg,Какие элементы входят в уровень управления процессами?,"В уровень управления процессами входят бизнес-процессы, метрики процессов и показатели деятельности."
avtomatizacia-biznes-processov-1024x494.jpg,Какие системы представлены на уровне исполнения (автоматизации)?,"На уровне исполнения представлены системы ERP, CRM, BPM, проекты и логистика."
avtomatizacia-biznes-processov-1024x494.jpg,Что включает уровень персонала и мотивации?,Уровень персонала и мотивации включает матрицы эффективности и регламенты процессов.
avtomatizacia-biznes-processov-1024x494.jpg,Как связаны бизнес-процессы с другими элементами в схеме?,"Бизнес-процессы связаны с метриками процессов, показателями деятельности, ERP, CRM, BPM, проектами, логистикой, матрицами эффективности и регламентами процессов."
Untitled-3-1.png,Что происходит каждый день в 10 утра?,Каждый день в 10 утра происходит запуск процесса.
Untitled-3-1.png,Какие данные используются для свода в общий набор?,Используются список заявок (только необработанные) и список исполнителей (все свободные на сегодня).
Untitled-3-1.png,Что происходит после свода всех данных в общий набор?,Данные фильтруются по категориям.
Untitled-3-1.png,Какие категории фильтруются после обработки данных?,"Фильтруются категории: Консультация, Дизайн, Разработка, Прочее."
Untitled-3-1.png,Что происходит после фильтрации по категориям?,"Для каждой категории создается шаблон уведомления и отправляется сообщение в соответствующую группу: Консультанты, Дизайнеры, Разработчики, Менеджер."
sddefault.jpg,Какова основная тема изображения?,Автоматизация бизнес-процессов и оптимизация работы большой компании.
sddefault.jpg,Какие ключевые слова выделены в схеме?,"WORK, TEAM, OFFER, PROCESS, RELAX, SMM."
sddefault.jpg,Что изображён человек на картинке?,"Человек задумчиво смотрит на схему, держа руку у подбородка."
sddefault.jpg,Какая цель автоматизации бизнес-процессов указана в заголовке?,Оптимизировать работу большой компании.
sddefault.jpg,Какие цвета используются для выделения ключевых элементов схемы?,Жёлтый и серый.
3 (1).png,Какие типы проекций изображены на схеме?,На схеме изображены прямая и обратная проекции.
3 (1).png,Какие варианты крепления проектора показаны?,Показаны крепления на потолочном кронштейне и на устойчивой поверхности.
3 (1).png,Что изображено в первом варианте проекции?,Прямая проекция на потолочном кронштейне.
3 (1).png,Какой вариант проекции показан во втором изображении?,Обратная проекция на потолочном кронштейне.
3 (1).png,Чем отличается третий вариант проекции от четвертого?,"Третий вариант — прямая проекция на устойчивой поверхности, а четвертый — обратная проекция на устойчивой поверхности."
architecture-diagram.jpg,Кто являются пользователями чат-бота?,Новые сотрудники и HR-команда (модераторы и администраторы).
architecture-diagram.jpg,Какой интерфейс используется для взаимодействия новых сотрудников с чат-ботом?,Telegram Bot API.
architecture-diagram.jpg,Какие функции выполняет Bot Service?,Обработка сообщений и управление диалогами.
architecture-diagram.jpg,Для чего используется Redis в архитектуре чат-бота?,Для кэширования и сессий.
architecture-diagram.jpg,Какие технологии используются в NLP Engine?,BERT и FAISS для классификации запросов.
architecture-diagram.jpg,Как HR-команда взаимодействует с системой?,Через Admin Panel с Django-интерфейсом и через HR Support — интерфейс для специалистов.
architecture-diagram.jpg,Какая база данных используется для хранения данных?,PostgreSQL.
architecture-diagram.jpg,Что управляет контентом и поиском ответов в системе?,Knowledge Base.
architecture-diagram.jpg,Какие технологии используются для инфраструктуры?,"Docker, Kubernetes, Мониторинг."
nginx_architecture_ru.jpg,Что обозначает блок 'Управляющий процесс (Master)'?,"Он отвечает за чтение настроек, запуск 'исполнителей' и обновление 'на лету'."
nginx_architecture_ru.jpg,Какие протоколы используются для связи между пользователями и исполнителями?,Используются протоколы HTTP и HTTPS.
nginx_architecture_ru.jpg,Какие компоненты входят в состав исполнителя (Worker)?,"В состав исполнителя входят ht_core, ht_upstream, proxy и ht_fastcgi."
nginx_architecture_ru.jpg,Какие технологии используются для мультиплексирования?,"Используются kevent, epoll и select."
nginx_architecture_ru.jpg,Какие функции выполняет встроенная система расширений (Backend)?,"Встроенная система расширений включает Web-сервер, сервер приложений (Application server) и Memcached."
img-seUu6Y.jpg,Какие базы данных показаны на схеме?,"Объектно-ориентированные БД, Реляционная БД, Другие данные."
img-seUu6Y.jpg,Какие интерфейсы используются для взаимодействия с базами данных?,Интерфейс ADO и Интерфейс OLE DB.
img-seUu6Y.jpg,Какие модули расширения указаны для веб-сервера?,ISAPI и CGI.
img-seUu6Y.jpg,Какие объекты и классы используются на стороне пользователя Интернета?,ActiveX-объект и Java-апплет.
img-seUu6Y.jpg,Какой протокол используется для передачи данных между пользователем и веб-сервером?,HTTP через TCP/IP.
cb7f38a592c84a29aa9088d5a18156ca.png,Какая роль у клиента в данной системе?,"Клиент (браузер) взаимодействует с API Gateway и напрямую с базой данных продуктов, а также с сервисом аутентификации."
cb7f38a592c84a29aa9088d5a18156ca.png,Какую функцию выполняет API Gateway?,API Gateway обрабатывает запросы клиента и направляет их к функциям покупки и поиска.
cb7f38a592c84a29aa9088d5a18156ca.png,Какие функции связаны с API Gateway?,С API Gateway связаны функция покупки и функция поиска.
cb7f38a592c84a29aa9088d5a18156ca.png,Какие базы данных используются в системе?,В системе используются база данных продуктов и база данных покупок.
cb7f38a592c84a29aa9088d5a18156ca.png,Как взаимодействует сервис аутентификации с другими компонентами?,Сервис аутентификации взаимодействует напрямую с клиентом (браузером).
01-1024x576.jpg,Сколько доменных имен зарегистрировано на момент исследования?,4 000 000 и 831 000 доменных имен.
01-1024x576.jpg,Сколько россиян пользуются интернетом?,В сети более 60 миллионов россиян.
01-1024x576.jpg,Какой процент пользователей мобильного интернета использует безлимитный тариф?,31% пользователей мобильного интернета используют безлимитный тариф.
01-1024x576.jpg,Какой рост числа пользователей интернета в домах за последние полгода?,Рост примерно на 10%.
01-1024x576.jpg,Сколько пользователей интернета в России ожидается к концу 2014 года?,Около 80 миллионов человек.
изо-поста.png,Какая задача начинается 1 февраля и заканчивается 3 февраля?,Пост о Турнире начинается 1 февраля и заканчивается 3 февраля.
изо-поста.png,Когда планируется отправка материалов координаторам?,Отправка материалов координаторам запланирована на 9 февраля.
изо-поста.png,Какая задача выполняется с 6 по 9 февраля?,Подбор команд координаторов на местах выполняется с 6 по 9 февраля.
изо-поста.png,Когда проводится тестирование?,Тестирование проводится с 10 по 13 февраля.
изо-поста.png,Какая задача запланирована на 15 февраля?,Итоговый пост о Турнире запланирован на 15 февраля.
1672132693-mceu_79356383511672132693613.png,Что ответил финансовый ассистент Тинькофф Банка на запрос о подключении смс-информирования?,"Финансовый ассистент ответил, что не сможет помочь и предложил воспользоваться поиском или обратиться к оператору в чате 'Поддержка'."
1672132693-mceu_79356383511672132693613.png,Как финансовый ассистент Тинькофф Банка советует узнать баланс карты?,"Он советует посмотреть баланс в разделе 'Главная' или пролистать вправо и выбрать карту, чтобы он подсказал баланс."
1672132693-mceu_79356383511672132693613.png,Что ответил бот банка Хоум Кредит на вопрос о номере кол-центра?,"Бот приветствует пользователя, сообщает, что знает ответы на многие вопросы и предлагает связаться по номеру 8-495-785-82-22, предупреждая о возможной плате за звонок."
1672132693-mceu_79356383511672132693613.png,"Как бот банка Хоум Кредит предлагает поступить, если возникнут сложности?","Если возникнут сложности, бот обещает перевести пользователя на своего коллегу."
1672132693-mceu_79356383511672132693613.png,"Что советует бот банка Хоум Кредит делать, чтобы сэкономить время?","Бот советует задавать ему вопросы, так как он знает ответы на многие из них и постарается помочь."
research.jpg,Какой процент данных приходится на Америку согласно круговой диаграмме?,45%
research.jpg,Какой регион имеет самый высокий процент по данным на карте мира?,Азия с 73%
research.jpg,Какой процент данных приходится на Европу согласно круговой диаграмме?,23%
research.jpg,Какой процент данных приходится на Африку согласно круговой диаграмме?,20%
research.jpg,Какой процент данных приходится на другие регионы согласно круговой диаграмме?,15%
ierarhy.jpg,Какие основные категории потребностей представлены на изображении?,"Физиологические, уважение, духовные, самоактуализация, безопасность, любовь/принадлежность."
ierarhy.jpg,Какие потребности относятся к категории 'Physiological'?,"Питание, дыхание, вода, сон, гомеостаз, выделение, секс."
ierarhy.jpg,Что включает в себя категория 'Esteem'?,"Уважение других, достижение, уверенность, самооценка."
ierarhy.jpg,Какие потребности входят в категорию 'Safety'?,"Безопасность тела, семьи, собственности, здоровья, ресурсов, занятости, морали."
ierarhy.jpg,Что обозначает категория 'Self-actualization' на изображении?,"Решение проблем, спонтанность, отсутствие предубеждений, принятие фактов, творчество, мораль."
content_img.png,"Что происходит, если команда пользователя соответствует выполненным условиям?","Берем необходимые данные из присланных (Бот, Чат, Текст), получаем временные данные из параметров действий, выполняем код 1С работы с базой, сохраняем временные данные для других действий, формируем сообщение и добавляем клавиатуру."
content_img.png,"Что происходит, если команда пользователя не соответствует выполненным условиям?",Отправляется сообщение бота с текстом 'Я не знаю таких команд.'
content_img.png,Какие данные берутся из присланных сообщений?,"Берутся данные Бот, Чат и Текст."
content_img.png,"Что происходит с временными данными, которые нужны для обработки?",Временные данные получаются из параметров действий и сохраняются для других действий в параметрах действий.
content_img.png,Что включает в себя блок 'Параметры действий'?,"По боту, чату и названию параметра находится его значение, затем записываются бот, чат и значение параметра."
4e8b52c5fa37046d1034b55b71f2d693.png,Что означает сообщение 'Запись включина' и когда оно было отправлено?,"Сообщение 'Запись включина' означает, что запись была включена, и оно было отправлено в 18:30."
4e8b52c5fa37046d1034b55b71f2d693.png,Какие команды были отправлены боту для засекания времени?,Боту были отправлены команды 'засеки минутку' в 18:31 и 'Засеки 5 минут' в 18:31.
4e8b52c5fa37046d1034b55b71f2d693.png,Сколько аудиосообщений отправлено и в какое время?,"Отправлено два аудиосообщения, оба в 18:31, каждое длительностью 2 секунды."
4e8b52c5fa37046d1034b55b71f2d693.png,Какие опции доступны внизу экрана для управления записью?,"Доступны опции 'Удалить пр запись', 'Пропустить' и 'Конец'."
4e8b52c5fa37046d1034b55b71f2d693.png,Что показывает статистика в верхней части чата?,"Статистика показывает количество засечек: 10 минут - 1, минутку - 0, полчаса - 1, и общее время 0.0 часов 2.0 минут 53.079999999999984 секунд."
diagramma-ganta-06.jpg,Какая задача началась 10.01.2024 и кто её исполнитель?,"Задача 'Подготовка к сборам' началась 10.01.2024, исполнитель - Маша."
diagramma-ganta-06.jpg,Какие задачи уже выполнены?,Выполнена задача 'Выставить объявления на Авито'.
diagramma-ganta-06.jpg,Кто отвечает за сортировку лишних вещей и каков статус этой задачи?,"За сортировку лишних вещей отвечает Катя, статус задачи 'В процессе'."
diagramma-ganta-06.jpg,Какие задачи выполняет Антон и каков их статус?,"Антон выполняет задачи 'Выбросить хлам' (в процессе), 'Подготовить упаковочный материал' (выбрать), 'Составить список для покупки' (выбрать), 'Заказать и забрать материалы' (выбрать)."
diagramma-ganta-06.jpg,Когда планируется составить план упаковки по зонам и кто за это отвечает?,"План упаковки по зонам планируется составить с 23.01.2024 по 24.01.2024, ответственная - Катя."
Install_Win10_srinshots7.jpg,Что означает красный текст 'Осторожно!'?,"Он предупреждает о необходимости форматирования, если разделы были раньше."
Install_Win10_srinshots7.jpg,Какой раздел не рекомендуется трогать?,Диск 0 Раздел 1: Зарезервировано систем.
Install_Win10_srinshots7.jpg,"Что нужно сделать, если диск чистый?",Создать разделы.
Install_Win10_srinshots7.jpg,Какой раздел выделен для установки Windows?,Диск 0 Раздел 2.
Install_Win10_srinshots7.jpg,Что нужно сделать после выбора раздела?,Нажать кнопку 'Далее'.
95368e67dcc4a4b704151a9ddb0c513e.png,Какие меры безопасности применяются на уровне браузера?,"Аутентификация пользователей, предотвращение изменений параметров, защита конфиденциальных данных, предотвращение перехватов сеансов и атак воспроизведения cookie."
95368e67dcc4a4b704151a9ddb0c513e.png,Какие функции выполняет межсетевой экран?,Межсетевой экран обеспечивает предотвращение изменений параметров и защиту конфиденциальных данных.
95368e67dcc4a4b704151a9ddb0c513e.png,Какие меры безопасности реализованы на веб-сервере?,"Обеспечение безопасной конфигурации, обработка исключений, авторизация пользователей, валидация ввода."
95368e67dcc4a4b704151a9ddb0c513e.png,Какие задачи выполняет сервер приложений в контексте безопасности?,"Аутентификация и авторизация входящих удостоверений, аудит, протоколирование и поддержка транзакций, защита конфиденциальных данных."
95368e67dcc4a4b704151a9ddb0c513e.png,Какие меры безопасности применяются на сервере базы данных?,Кодирование или хеширование конфиденциальных данных.
avtomatizacia-processov.jpg,Какова основная цель представленной схемы?,Комплексная автоматизация бизнеса.
avtomatizacia-processov.jpg,Какие задачи связаны с разработкой сайта компании?,"Разработать запоминающийся сайт компании, продвинуть его в сети Интернет, связать 1С с сайтом (быстрый обмен прайсами, справочниками), организовать электронный документооборот (внутренний и внешний)."
avtomatizacia-processov.jpg,Что включает автоматизация склада компании?,"Автоматизировать склад (склады) компании, настроить управление остатками on-line, настроить обмен данными с головным офисом."
avtomatizacia-processov.jpg,Какие направления охватывает автоматизация розничной торговли?,"Автоматизировать розничную торговлю, торговые точки, супермаркеты, автоматизировать АЗС, настроить обмен данными с головным офисом."
avtomatizacia-processov.jpg,Что необходимо для настройки IP АТС станции?,"Настроить IP АТС станцию на неограниченное количество пользователей, поставить и настроить серверное оборудование, настроить корпоративный почтовый ресурс."
svi_259.webp,Какой возрастной диапазон составляет наибольшую часть целевой аудитории?,45% целевой аудитории в возрасте от 25 до 45 лет.
svi_259.webp,Какое соотношение мужчин и женщин в целевой аудитории?,45% мужчин и 55% женщин.
svi_259.webp,Какие устройства чаще всего используются для выхода в Интернет?,"65% используют ПК, 25% смартфоны, 10% планшеты."
svi_259.webp,Какое время суток является самым активным для пользователей в Интернете?,Самое активное время — вечер (35%).
svi_259.webp,Как часто целевая аудитория делает покупки?,"50% делают покупки каждую неделю, 35% — раз в месяц, 15% — реже."
07161728092022_97466caa195921dd2efb77ba7946a3c423d4b8b1.png,Какие этапы включает процесс обработки заказа вручную?,"Процесс обработки заказа вручную включает: получил заказ, набрал номер клиента, отследил оплату, написал на склад, напечатал наклейки и маркировку, запаковал товар, подготовил накладную, отнёс товар на почту, написал клиенту."
07161728092022_97466caa195921dd2efb77ba7946a3c423d4b8b1.png,Какие этапы процесса автоматизированы?,"Автоматизированы этапы: получил заказ, запаковал товар, отнёс товар на почту."
07161728092022_97466caa195921dd2efb77ba7946a3c423d4b8b1.png,Какие действия выполняются после получения заказа при ручной обработке?,"После получения заказа вручную выполняются: набор номера клиента, отслеживание оплаты, написание на склад, печать наклеек и маркировки, упаковка товара, подготовка накладной, отнесение товара на почту, написание клиенту."
07161728092022_97466caa195921dd2efb77ba7946a3c423d4b8b1.png,Как отличается процесс с автоматизацией от процесса вручную?,"Процесс с автоматизацией упрощён и включает только три этапа: получил заказ, запаковал товар, отнёс товар на почту, в то время как вручную процесс состоит из множества шагов."
07161728092022_97466caa195921dd2efb77ba7946a3c423d4b8b1.png,"Что происходит после того, как товар запакован в ручном процессе?","После упаковки товара вручную подготавливают накладную, затем относят товар на почту."
algoritm.jpg,"Какой кофе соответствует человеку, который любит эпатировать окружающих и гадает на кофейной гуще?",Прямолинейный эспрессо.
algoritm.jpg,"Какой кофе подходит человеку, который хочет жить у моря и любит яркий вкус?",Яркий латте.
algoritm.jpg,"Какой кофе выбирает романтичный человек, который пьет кофе с сахаром и молоком?",Романтичный капучино.
algoritm.jpg,"Какой кофе соответствует человеку, который живет за городом, не может рассмешить незнакомца и не справляется со стрессом?","Очень жаль, но это не кофе."
algoritm.jpg,"Какой кофе предпочитает рациональный человек, который пьет кофе без сахара и любит американский стиль?",Рациональный американо.
sravneniya.jpg,Как чай влияет на артерии и кровяное давление?,Чай улучшает артерии и уменьшает кровяное давление.
sravneniya.jpg,Какая польза зелёного чая для мозга?,Зелёный чай предотвращает болезнь Альцгеймера.
sravneniya.jpg,Как зелёный чай влияет на почки?,Зелёный чай предотвращает образование камней в почках.
sravneniya.jpg,Какой компонент в зелёном чае предотвращает кариес?,"Антиоксидант, содержащийся в зелёном чае, предотвращает кариес."
sravneniya.jpg,Какое влияние кофе оказывает на риск заболевания диабетом?,Выпивание более четырёх чашек кофе в день снижает риск заболевания диабетом.
бизнес-процессы-в-Битрикс24.png,Что происходит после сообщения кристу?,После сообщения кристу начинается цикл.
бизнес-процессы-в-Битрикс24.png,Какие три варианта действий предусмотрены с контрагентом?,"Отклонить, запросить информацию, утвердить."
бизнес-процессы-в-Битрикс24.png,"Что происходит, если контрагент отклонен?","Статус меняется на отклонен, и контрагент в процессе отсутствует."
бизнес-процессы-в-Битрикс24.png,"Что происходит, если требуется информация?","Статус меняется на требуется информация, и отправляется сообщение с запросом информации."
бизнес-процессы-в-Битрикс24.png,"Что происходит, если контрагент утвержден?","Статус меняется на одобрен, и контрагент в процессе отсутствует."
cordovaapparchitecture-ru.png,Что представляет собой приложение Cordova согласно схеме?,"Приложение Cordova состоит из Web App и плагинов Cordova, которые взаимодействуют через HTML Rendering Engine (WebView) и Cordova Native APIs."
cordovaapparchitecture-ru.png,Какие компоненты входят в Web App в приложении Cordova?,"В Web App входят Flexberry Ember приложение, config.xml и Ресурсы."
cordovaapparchitecture-ru.png,Какие плагины Cordova указаны на схеме?,"Плагины Cordova включают Акселерометр, Геолокации, Камера, Мультимедиа, Устройство, Сеть, Контакты, Память и Стандартные плагины."
cordovaapparchitecture-ru.png,Как взаимодействует HTML Rendering Engine (WebView) с мобильной ОС?,HTML Rendering Engine (WebView) взаимодействует с мобильной ОС через OS APIs.
cordovaapparchitecture-ru.png,Какие сервисы мобильной ОС показаны на схеме?,"Показаны Сервисы, Датчики, Устройства ввода и Графика."
image_8_1.jpg,Что обозначает элемент с номером 1 на схеме?,Элемент с номером 1 обозначает DNS.
image_8_1.jpg,Какую роль выполняет элемент с номером 2?,Элемент с номером 2 — это балансировщик нагрузки.
image_8_1.jpg,Какие компоненты связаны с серверами веб-приложения (элемент 3)?,"Сервера веб-приложения связаны с базой данных (4), балансировщиком нагрузки (2), сервером кеширования (5), очередью заданий (6а), полнотекстовым поиском (7) и службами (8)."
image_8_1.jpg,Что представляет собой элемент с номером 6а?,Элемент 6а — это очередь заданий.
image_8_1.jpg,Какие хранилища данных показаны на схеме?,"На схеме показаны база данных (4), хранилище данных (9с), облачное хранилище (10) и «firehose» хранилище (9а)."
10.jpg,Какие типы установок экрана представлены на изображении?,Встраиваемый (Phantom) и Настенно-потолочный (Slimline).
10.jpg,Для чего предназначен встраиваемый (Phantom) экран?,Только для скрытой установки под потолок.
10.jpg,Какие варианты установки предусмотрены для настенно-потолочного (Slimline) экрана?,"1. Установка в потолочную нишу (с зазорами), 2. Установка на кронштейнах (к стене или потолку), 3. Установка в подвес (к потолку)."
10.jpg,Как выглядит установка встраиваемого экрана под потолок?,"Экран установлен скрыто под потолком, видна только рабочая поверхность экрана, корпус спрятан."
10.jpg,Чем отличается установка настенно-потолочного экрана в потолочную нишу от установки на кронштейнах?,"При установке в нишу экран размещается с зазорами внутри потолочной ниши, а при установке на кронштейнах экран крепится непосредственно к стене или потолку с помощью кронштейнов."
34.png,Что изображено слева на схеме?,Слева изображён существующий портфель прикладных систем.
34.png,Что изображено справа на схеме?,Справа изображён планируемый портфель прикладных систем.
34.png,Какие элементы входят в существующий портфель прикладных систем?,"В существующий портфель входят бизнес-процессы, приложения, данные (1, 2, 3) и стиль инфраструктуры."
34.png,Какие элементы входят в планируемый портфель прикладных систем?,"В планируемый портфель входят бизнес-процессы, приложения, данные (1, 2, 3, 4) и стиль инфраструктуры."
34.png,Какая роль у плана развития архитектуры организации на схеме?,План развития архитектуры организации связывает существующий и планируемый портфели прикладных систем.
pafbZ38.png,Что означает кнопка 'Отключить' в разделе 'Активность'?,Кнопка 'Отключить' предназначена для выключения текущей активности.
pafbZ38.png,Какие четыре кнопки доступны в разделе 'Автоматизация'?,"В разделе 'Автоматизация' доступны кнопки 'Автоатака', 'Лечение', 'Баффы' и 'События'."
pafbZ38.png,Что регулирует ползунок в разделе 'Производительность'?,Ползунок в разделе 'Производительность' регулирует скорость от минимальной нагрузки до максимальной скорости.
pafbZ38.png,Какая опция активирована в разделе 'Игра в фоне'?,"В разделе 'Игра в фоне' активирован ползунок, установленный ближе к минимальной нагрузке."
pafbZ38.png,Какие горячие клавиши указаны для вызова окна интерфейса и включения/отключения скрипта?,"Горячие клавиши: HOME - вызвать окно интерфейса, END - включить/отключить скрипт, INS - включить/отключить группу скриптов."
1_vFkTpST93rHMGxklyTEn-A.png,Какие устройства используют пользователи для доступа к системе?,Пользователи используют веб-браузер и мобильные устройства для доступа к системе.
1_vFkTpST93rHMGxklyTEn-A.png,Какой компонент отвечает за распределение нагрузки между серверами?,Компонент Load Balancer отвечает за распределение нагрузки между серверами.
1_vFkTpST93rHMGxklyTEn-A.png,Какие типы баз данных используются в системе?,В системе используются реляционная база данных (Relational Database) и NoSQL база данных (NoSQL Database).
1_vFkTpST93rHMGxklyTEn-A.png,Какой процесс используется для обработки данных перед загрузкой в хранилище данных?,"Используется процесс ETL (Extract, Transform, and Load) для обработки данных перед загрузкой в хранилище данных."
1_vFkTpST93rHMGxklyTEn-A.png,Какие сервисы уведомлений включены в архитектуру?,"В архитектуру включены SMS/Mobile Push Notifications, Email Notifications, Message Queue и Monitoring Dashboard."
3.png,Какая СУБД используется в данной системе?,Используется СУБД MySQL.
3.png,Какой сервер используется для обработки HTTP-запросов?,Используется веб-сервер HTTP Apache.
3.png,Какие языки и технологии используются для программного интерпретатора?,Используется Perl для программного интерпретатора.
3.png,Какие типы шаблонов используются на сервере?,"Используются Perl modules (.pm), Perl scripts (.pl), HTML templates (.htm) и RTF templates (.txt)."
3.png,Какие протоколы и форматы данных используются для взаимодействия между сервером и клиентом?,"Используются LAN/WAN, HTTP (+CGI) с форматами RTF, HTML и Excel."
AUTO_BP.jpg,Что изображено слева на изображении?,"Слева изображена лупа, увеличивающая часть круговой диаграммы."
AUTO_BP.jpg,Какие элементы связаны с планированием на изображении?,"Календарь и стрелки, указывающие на последовательность действий, связаны с планированием."
AUTO_BP.jpg,Что символизирует шахматная фигура на изображении?,Шахматная фигура символизирует стратегию.
AUTO_BP.jpg,Какие финансовые элементы присутствуют на изображении?,"На изображении присутствуют значок доллара, шестерёнки и диаграммы, связанные с финансами."
AUTO_BP.jpg,Что показывает график на ноутбуке?,График на ноутбуке показывает рост.
adrenalin-bot-9.png,Какое имя бота отображается в окне программы?,AdrenalinBOT
adrenalin-bot-9.png,Какие боевые навыки настроены для атаки цели?,Атака и Смертельный Удар
adrenalin-bot-9.png,Какое условие установлено для использования навыка 'Смертельный Удар'?,Цели HP% < 50
adrenalin-bot-9.png,Какой приоритет установлен для навыков атаки?,Норм
adrenalin-bot-9.png,Какой диапазон дистанции умения для 'Смертельный Удар'?,0 - 75
tmp190B-3.jpg,С какого шага начинается процесс?,Процесс начинается с шага 'Пользователь попадает на портал'.
tmp190B-3.jpg,"Что происходит, если пользователь не зарегистрирован?","Если пользователь не зарегистрирован, происходит отправка информации о попытке входа, и процесс заканчивается."
tmp190B-3.jpg,Какие действия выполняет пользователь после построения интерфейса?,"После построения интерфейса пользователь работает с отчетами, создает заявки и визирует заявки."
tmp190B-3.jpg,"Что происходит, если у пользователя нет задач?","Если у пользователя нет задач, он выходит из системы, и процесс заканчивается."
tmp190B-3.jpg,Какие действия выполняет система после выполнения заданий сервером?,После выполнения заданий сервером система сохраняет информацию в базе данных и обновляет интерфейс.
uYA3JVO.png,Какой версии интерфейса показано на изображении?,Интерфейс версии 5.16.
uYA3JVO.png,Какие основные разделы меню видны слева?,"Основное, Селф хил, Селф баф, Пати хил-баф, Пати настройки, Атака, Поиск цели, Зона поиска, Дроп, Разное, События."
uYA3JVO.png,Какие кнопки доступны в разделе 'Автоматизация'?,"Автоатака, Лечение, Бафы, События."
uYA3JVO.png,Какие горячие клавиши указаны для управления интерфейсом?,"HOME - Вызвать окно интерфейса, END - Включить / Отключить, INS - Включить / Отключить (Группа)."
uYA3JVO.png,Какие опции можно включить в разделе 'Базовые опции'?,"Включить активность, Ручной поиск цели, Скрипт пауза, Запустить скрипт после входа в игру, Ускорить магическую атаку (медленный интернет), Получать неизвестные имена предметов из игры и применить для всех."
5.png,Какие клиентские приложения показаны на схеме?,Показаны два клиентских приложения: Веб и Моб.
5.png,Какие микросервисы представлены на схеме?,"Представлены четыре микросервиса: Каталог, Корзина, Скидка и Заказ."
5.png,Какие микросервисы взаимодействуют с веб-приложением?,"Веб-приложение взаимодействует с микросервисами Каталог, Корзина и Заказ."
5.png,Какие микросервисы взаимодействуют с мобильным приложением?,"Мобильное приложение взаимодействует с микросервисами Корзина, Скидка и Заказ."
5.png,Какое хранилище данных используется для микросервисов?,Для каждого микросервиса используется отдельная база данных (DB).
Functional-scheme-X.509-proxy-ru.png,Что обозначает блок 'Центр сертификации ключей' на схеме?,"Это основной блок, включающий в себя различные подсистемы и модули для управления сертификатами и ключами."
Functional-scheme-X.509-proxy-ru.png,Какие базы данных используются в 'Центре сертификации'?,Используются базы данных БД ЦСК и БД ЦСК (резерв).
Functional-scheme-X.509-proxy-ru.png,Какие модули связаны с регистрацией в схеме?,"Модуль гарантированного уничтожения ключевого контейнера, АРМ регистратора, БД Центра регистрации, АРМ администратора регистрации, Модуль генерации ключей."
Functional-scheme-X.509-proxy-ru.png,Какие серверы присутствуют в блоке TSA?,"В блоке TSA присутствуют БД TSA, TSP сервер, LDAP каталог, OCSP сервер и HTTP proxy."
Functional-scheme-X.509-proxy-ru.png,Какие библиотеки криптографических функций указаны для клиентов ЦСК?,Библиотека криптографических функций Java и библиотека криптографических функций Win32.
VirtualBox_Windows-10-Errors_22_10_2020_16_02_44_1603433803-e1603433825525.jpg,Что означает сообщение об ошибке в окне установки Windows?,"Сообщение говорит, что выбранный раздел слишком маленький и нужно увеличить размер раздела до не менее 9522 МБ или выбрать другой раздел."
VirtualBox_Windows-10-Errors_22_10_2020_16_02_44_1603433803-e1603433825525.jpg,Какой размер у выбранного раздела для установки Windows?,"Общий размер выбранного раздела составляет 50.0 МБ, из которых свободно 38.0 МБ."
VirtualBox_Windows-10-Errors_22_10_2020_16_02_44_1603433803-e1603433825525.jpg,Какой тип раздела выбран для установки Windows?,Выбранный раздел имеет тип 'Системный'.
VirtualBox_Windows-10-Errors_22_10_2020_16_02_44_1603433803-e1603433825525.jpg,Почему нельзя установить Windows на раздел 1 диска 0?,Потому что размер раздела слишком маленький для установки Windows.
VirtualBox_Windows-10-Errors_22_10_2020_16_02_44_1603433803-e1603433825525.jpg,Какая кнопка доступна для подтверждения сообщения об ошибке?,Доступна кнопка 'OK' для подтверждения сообщения.
mm07bx1u2dxlgab0prkzllunvf8.1566805807.png,Что обозначает центральная часть диаграммы?,"Центральная часть диаграммы обозначает Domain Model, который является ядром Domain Layer."
mm07bx1u2dxlgab0prkzllunvf8.1566805807.png,Какие основные слои выделены на диаграмме?,"Основные слои: Application Layer, Domain Layer и Application Core."
mm07bx1u2dxlgab0prkzllunvf8.1566805807.png,Какие адаптеры относятся к Primary/Driving Adapters?,"Primary/Driving Adapters включают Admin GUI Views & Controllers, SOAP/REST Controllers, Consumer GUI Views & Controllers и Console Commands."
mm07bx1u2dxlgab0prkzllunvf8.1566805807.png,Какие адаптеры относятся к Secondary/Driven Adapters?,"Secondary/Driven Adapters включают C/Q BUS Adapter, Message Bus, Message Queue, SMS Adapter, Email Adapter, Search Adapter и ORM Adapter."
mm07bx1u2dxlgab0prkzllunvf8.1566805807.png,Какое направление имеют зависимости в архитектуре?,"Зависимости направлены внутрь, от внешних адаптеров к ядру приложения."
maps.png,Какие федеральные округа представлены на карте?,"Центральный, Северо-Западный, Уральский, Южный, Северо-Кавказский, Приволжский, Дальневосточный, Сибирский."
maps.png,Какие города входят в Центральный федеральный округ и какие у них показатели?,"Воронеж (92), Москва (86), Рязань (64), Смоленск (130), Ярославль (106)."
maps.png,Какие города относятся к Северо-Западному федеральному округу и каковы их показатели?,"Вологда (88), Санкт-Петербург (48)."
maps.png,Какой показатель у Екатеринбурга в Уральском федеральном округе?,71.
maps.png,Какие города входят в Южный федеральный округ и каковы их показатели?,"Волгоград (46), Краснодар (42)."
maps.png,Какой показатель у Ставрополя в Северо-Кавказском федеральном округе?,37.
maps.png,Какие города входят в Приволжский федеральный округ и каковы их показатели?,"Ижевск (82), Киров (76), Нижний Новгород (84), Самара (132), Саратов (40), Уфа (74)."
maps.png,Какие города входят в Сибирский федеральный округ и каковы их показатели?,"Кемерово (95), Новосибирск (64), Улан-Удэ (107)."
maps.png,Какой показатель у Хабаровска в Дальневосточном федеральном округе?,14.
maps.png,Что обозначают зеленые и синие кружки с числами?,"Зеленые кружки обозначают аудиторию терапевтов, синие — аудиторию ЛОР-врачей."
